lon,lat,0.0025,0.0045,0.0075,0.0113,0.0169,0.0253,0.038,0.057,0.0854,0.128,0.192,0.288,0.432,0.649,0.973,1.46,2.19,3.28,4.92,7.38
-123.00000,37.00000,1.60193210e-01,9.94923763e-02,6.02050846e-02,3.71430476e-02,2.14268415e-02,1.14287289e-02,5.55132482e-03,2.41041654e-03,9.00806804e-04,2.75618714e-04,6.38695515e-05,9.80934454e-06,6.98719653e-07,1.40682742e-08,1.63844929e-09,8.55354673e-11,2.40709808e-13,0.0,0.0,0.0
-122.80000,37.00000,1.80783262e-01,1.12982119e-01,6.88228038e-02,4.28405598e-02,2.50479775e-02,1.36357935e-02,6.82637996e-03,3.08504265e-03,1.20968014e-03,3.90835065e-04,9.69304340e-05,1.61900594e-05,1.28027198e-06,3.80380374e-08,4.27316377e-09,2.23213103e-10,6.28155591e-13,0.0,0.0,0.0
-122.60000,37.00000,1.99998214e-01,1.26219596e-01,7.78324798e-02,4.91892899e-02,2.93842345e-02,1.65151587e-02,8.67183261e-03,4.18427215e-03,1.78046166e-03,6.33814037e-04,1.77241800e-04,3.52565289e-05,3.76676206e-06,1.38625734e-07,1.01160755e-08,5.28789146e-10,1.48809303e-12,0.0,0.0,0.0
-122.40000,37.00000,2.44979210e-01,1.55310365e-01,9.66490119e-02,6.19818710e-02,3.77835117e-02,2.18665703e-02,1.20847325e-02,6.38005557e-03,3.11851752e-03,1.33954598e-03,4.77759155e-04,1.33378363e-04,2.60572809e-05,2.73122953e-06,8.28864273e-08,1.10496319e-09,3.10953440e-12,0.0,0.0,0.0
-122.20000,37.00000,2.68815338e-01,1.73434539e-01,1.09503866e-01,7.11645865e-02,4.40696274e-02,2.60952057e-02,1.51053188e-02,8.80036601e-03,5.15029520e-03,2.92026446e-03,1.52021105e-03,6.88337347e-04,2.56935033e-04,7.47462155e-05,1.56496843e-05,1.70341916e-06,1.64187888e-08,0.0,0.0,0.0
-122.00000,37.00000,2.94428363e-01,1.94311251e-01,1.24823122e-01,8.21200271e-02,5.12980742e-02,3.03609729e-02,1.72567484e-02,9.61210151e-03,5.17675577e-03,2.56980879e-03,1.10721432e-03,3.91997547e-04,1.06393261e-04,1.96129538e-05,1.84575863e-06,2.84902419e-08,0.0,0.0,0.0,0.0
-121.80000,37.00000,3.18364211e-01,2.16462118e-01,1.43216313e-01,9.64463031e-02,6.13408419e-02,3.65156151e-02,2.05984823e-02,1.16053653e-02,6.92651777e-03,4.37747078e-03,2.70350824e-03,1.47914227e-03,6.66603797e-04,2.34514967e-04,6.07942508e-05,9.78108927e-06,6.79993884e-07,7.96439257e-10,0.0,0.0
-121.60000,37.00000,3.34483895e-01,2.32971357e-01,1.60286093e-01,1.13341484e-01,7.66650517e-02,4.88415843e-02,2.91169938e-02,1.63638729e-02,8.67137401e-03,4.27694484e-03,1.91365809e-03,7.44047136e-04,2.38202109e-04,5.85676012e-05,9.63196939e-06,7.22979413e-07,1.56192786e-09,0.0,0.0,0.0
-121.40000,37.00000,3.34080805e-01,2.31098033e-01,1.58737254e-01,1.13649706e-01,7.94630329e-02,5.34098870e-02,3.37656595e-02,1.96304700e-02,1.01667719e-02,4.51825726e-03,1.65668940e-03,4.81372319e-04,1.01286847e-04,1.29123541e-05,6.90172734e-07,3.69676990e-10,0.0,0.0,0.0,0.0
-121.20000,37.00000,3.27239563e-01,2.19518760e-01,1.43342847e-01,9.56680519e-02,6.03495094e-02,3.54034621e-02,1.90593117e-02,9.34653768e-03,4.09322459e-03,1.54968018e-03,4.86332317e-04,1.20182060e-04,2.07436408e-05,1.98731313e-06,8.76765788e-08,1.67986666e-09,4.72740014e-12,0.0,0.0,0.0
-121.00000,37.00000,3.17039577e-01,2.04385068e-01,1.27157386e-01,8.11473677e-02,4.90265387e-02,2.77819148e-02,1.47742558e-02,7.47114995e-03,3.57210695e-03,1.56573354e-03,6.02407180e-04,1.94007406e-04,4.87703757e-05,8.69465863e-06,9.27057612e-07,1.54941664e-08,3.03980079e-12,0.0,0.0,0.0
-123.00000,37.20000,1.69455186e-01,1.07649842e-01,6.68228582e-02,4.21062695e-02,2.47580359e-02,1.34623483e-02,6.70670682e-03,3.01735818e-03,1.18068177e-03,3.81826609e-04,9.50155901e-05,1.57676414e-05,1.23059390e-06,2.48288119e-08,2.77296555e-09,1.44900150e-10,4.07771054e-13,0.0,0.0,0.0
-122.80000,37.20000,1.87609751e-01,1.19904528e-01,7.52271716e-02,4.81141193e-02,2.88828729e-02,1.61617829e-02,8.38267464e-03,3.97817958e-03,1.66115300e-03,5.78919689e-04,1.57882181e-04,2.99580130e-05,2.90214458e-06,8.38536917e-08,6.13985592e-09,3.20923403e-10,9.03127248e-13,0.0,0.0,0.0
-122.60000,37.20000,2.07396303e-01,1.33905218e-01,8.50854220e-02,5.53163522e-02,3.39921009e-02,1.97054347e-02,1.08109217e-02,5.57606928e-03,2.59972168e-03,1.03608983e-03,3.32576367e-04,7.95736058e-05,1.17860867e-05,6.98848033e-07,1.28209512e-08,6.70156667e-10,1.88592274e-12,0.0,0.0,0.0
-122.40000,37.20000,2.28939513e-01,1.49545930e-01,9.62836696e-02,6.36458130e-02,4.00223337e-02,2.40373558e-02,1.41059146e-02,8.29045008e-03,4.81880457e-03,2.64414596e-03,1.29303556e-03,5.35341692e-04,1.78450438e-04,4.48208849e-05,7.56165366e-06,6.30575099e-07,2.41265680e-12,0.0,0.0,0.0
-122.20000,37.20000,2.71860172e-01,1.78524710e-01,1.16139071e-01,7.79880655e-02,4.99536241e-02,3.04190687e-02,1.79086863e-02,1.04632434e-02,6.01764672e-03,3.24477670e-03,1.53666192e-03,6.02119470e-04,1.84337473e-04,3.99697977e-05,4.90454102e-06,1.86773815e-07,6.14471469e-12,0.0,0.0,0.0
-122.00000,37.20000,2.92604776e-01,1.95051665e-01,1.28621115e-01,8.77491471e-02,5.73353527e-02,3.54946211e-02,2.10395244e-02,1.25116754e-02,7.83830096e-03,5.16038059e-03,3.32080175e-03,1.90681588e-03,9.11159025e-04,3.43708969e-04,9.78342408e-05,1.83607951e-05,1.66453371e-06,1.31132721e-08,0.0,0.0
-121.80000,37.20000,3.06765507e-01,2.07103458e-01,1.38269644e-01,9.59379429e-02,6.45603497e-02,4.14890189e-02,2.49544008e-02,1.38626222e-02,7.01609759e-03,3.17880778e-03,1.25321706e-03,4.14654619e-04,1.09380117e-04,2.02288108e-05,1.93188840e-06,3.23237420e-08,1.08992758e-11,0.0,0.0,0.0
-121.60000,37.20000,3.17509149e-01,2.16220850e-01,1.45463284e-01,1.01319418e-01,6.87092328e-02,4.55909023e-02,2.98689080e-02,1.92916882e-02,1.18557724e-02,6.54673993e-03,3.07738144e-03,1.18252794e-03,3.54540408e-04,7.54355306e-05,9.77629288e-06,5.00090796e-07,4.27754106e-09,0.0,0.0,0.0
-121.40000,37.20000,3.18840136e-01,2.15303402e-01,1.43354889e-01,9.81309300e-02,6.39006305e-02,3.86921104e-02,2.11977292e-02,1.02716818e-02,4.28649399e-03,1.49144991e-03,4.12893648e-04,8.64990855e-05,1.22401171e-05,9.47713701e-07,6.17191996e-08,3.27922410e-09,9.22823497e-12,0.0,0.0,0.0
-121.20000,37.20000,3.07522299e-01,2.01452523e-01,1.29302205e-01,8.51773454e-02,5.29946186e-02,3.05942120e-02,1.62246415e-02,7.96885047e-03,3.65453259e-03,1.56440314e-03,6.15471005e-04,2.15673878e-04,6.32007139e-05,1.42852796e-05,2.08870499e-06,1.23731024e-07,2.84181861e-11,0.0,0.0,0.0
-121.00000,37.20000,3.05601125e-01,1.94053573e-01,1.19532893e-01,7.56234618e-02,4.51689366e-02,2.51780748e-02,1.30480895e-02,6.31949531e-03,2.82209223e-03,1.12308729e-03,3.80007626e-04,1.03615099e-04,2.03073649e-05,2.30800851e-06,8.24402779e-08,1.50394369e-09,3.88945752e-12,0.0,0.0,0.0
-123.00000,37.40000,1.72414991e-01,1.11266931e-01,7.07278981e-02,4.57071477e-02,2.76461625e-02,1.55201527e-02,8.04290302e-03,3.80568330e-03,1.58375925e-03,5.50228505e-04,1.49680092e-04,2.81489968e-05,2.64816975e-06,5.94031381e-08,4.63644702e-09,2.42426918e-10,6.82226211e-13,0.0,0.0,0.0
-122.80000,37.40000,1.89884132e-01,1.23385090e-01,7.94646139e-02,5.22816098e-02,3.23915637e-02,1.87857732e-02,1.02069901e-02,5.16455248e-03,2.34281002e-03,9.01277992e-04,2.76772137e-04,6.20050476e-05,7.96181095e-06,3.42380185e-07,9.09575803e-09,4.75718514e-10,1.33874423e-12,0.0,0.0,0.0
-122.60000,37.40000,2.08353234e-01,1.36801285e-01,8.94367769e-02,5.99996256e-02,3.81577819e-02,2.29651538e-02,1.32624244e-02,7.42420284e-03,3.90345848e-03,1.81553260e-03,7.02193969e-04,2.13059738e-04,4.58133025e-05,5.45534634e-06,1.92642912e-07,8.68635501e-10,2.44447231e-12,0.0,0.0,0.0
-122.40000,37.40000,2.26261010e-01,1.50403594e-01,1.00020452e-01,6.85580582e-02,4.47801447e-02,2.78111459e-02,1.68307084e-02,1.03342316e-02,6.44938815e-03,3.88108134e-03,2.08617287e-03,9.38128812e-04,3.35229376e-04,8.90238308e-05,1.53718544e-05,1.23030919e-06,1.24038437e-09,0.0,0.0,0.0
-122.20000,37.40000,2.45121459e-01,1.64650381e-01,1.11094752e-01,7.78065040e-02,5.22351083e-02,3.31414217e-02,1.99889801e-02,1.18801259e-02,7.24012023e-03,4.55828493e-03,2.80607541e-03,1.55130914e-03,7.15634155e-04,2.59985621e-04,7.04354186e-05,1.20008800e-05,9.05480944e-07,2.01228361e-09,0.0,0.0
-122.00000,37.40000,2.61357252e-01,1.77136439e-01,1.20838411e-01,8.65230323e-02,6.04900854e-02,4.04170084e-02,2.51737294e-02,1.43048696e-02,7.22705469e-03,3.16140808e-03,1.16404848e-03,3.48339177e-04,7.99914300e-05,1.27492042e-05,9.88638675e-07,6.92939463e-09,8.57320532e-12,0.0,0.0,0.0
-121.80000,37.40000,2.93974586e-01,1.97487384e-01,1.33558484e-01,9.55443608e-02,6.80752047e-02,4.83416062e-02,3.40354432e-02,2.31625761e-02,1.44464406e-02,7.78244705e-03,3.45003779e-03,1.21289511e-03,3.19668998e-04,5.43554188e-05,4.87948396e-06,1.62295612e-07,0.0,0.0,0.0,0.0
-121.60000,37.40000,3.00843785e-01,2.01475544e-01,1.34972342e-01,9.48801704e-02,6.51347196e-02,4.26462609e-02,2.56714957e-02,1.36789176e-02,6.19472622e-03,2.29181694e-03,6.60984514e-04,1.36859822e-04,1.73775619e-05,1.09353407e-06,6.37900814e-08,3.36867382e-09,9.47996027e-12,0.0,0.0,0.0
-121.40000,37.40000,3.03260335e-01,2.00498299e-01,1.31208969e-01,8.87554695e-02,5.70967710e-02,3.40340485e-02,1.83157173e-02,8.74157520e-03,3.59907883e-03,1.22883343e-03,3.32793926e-04,6.62731986e-05,7.71738985e-06,5.39807143e-07,5.17667558e-08,2.70740532e-09,7.61905003e-12,0.0,0.0,0.0
-121.20000,37.40000,2.97894324e-01,1.91923891e-01,1.21396574e-01,7.89684043e-02,4.84525484e-02,2.75967744e-02,1.45618054e-02,7.25479666e-03,3.44593528e-03,1.53449648e-03,6.13317705e-04,2.09098544e-04,5.66444078e-05,1.09065228e-05,1.20205144e-06,2.19478733e-08,0.0,0.0,0.0,0.0
-121.00000,37.40000,2.93648286e-01,1.84607977e-01,1.13253301e-01,7.12736204e-02,4.20114301e-02,2.27489966e-02,1.11316492e-02,4.86746343e-03,1.85075248e-03,5.86475270e-04,1.46204029e-04,2.62939764e-05,2.40129858e-06,1.73416839e-07,2.00807553e-08,1.05046238e-09,2.95615323e-12,0.0,0.0,0.0
-123.00000,37.60000,1.74278732e-01,1.14385960e-01,7.44705890e-02,4.93845487e-02,3.07720559e-02,1.78775910e-02,9.67360323e-03,4.84644883e-03,2.16901436e-03,8.21690466e-04,2.48274631e-04,5.42817921e-05,6.69821774e-06,2.39793988e-07,6.56526690e-09,3.43367520e-10,9.66288383e-13,0.0,0.0,0.0
-122.80000,37.60000,1.89361943e-01,1.25283963e-01,8.29616348e-02,5.62604195e-02,3.60817865e-02,2.17780129e-02,1.24900495e-02,6.85621234e-03,3.48922022e-03,1.55137104e-03,5.66476210e-04,1.59440066e-04,3.02570187e-05,2.74399770e-06,5.37694526e-08,6.38155009e-10,1.79586521e-12,0.0,0.0,0.0
-122.60000,37.60000,2.05667435e-01,1.37074512e-01,9.21147551e-02,6.38536007e-02,4.21855186e-02,2.64618577e-02,1.61350744e-02,9.92191672e-03,6.09479793e-03,3.51208603e-03,1.76148958e-03,7.25294641e-04,2.32832515e-04,5.32062062e-05,7.34244276e-06,4.27430262e-07,2.01646149e-12,0.0,0.0,0.0
-122.40000,37.60000,2.22269086e-01,1.49598031e-01,1.02105811e-01,7.24070903e-02,4.92821713e-02,3.17852209e-02,1.96319747e-02,1.21054062e-02,7.73345651e-03,5.09794708e-03,3.28501250e-03,1.91827078e-03,9.46915541e-04,3.73186922e-04,1.12866632e-04,2.32167844e-05,2.38288503e-06,3.06827389e-08,0.0,0.0
-122.20000,37.60000,2.37611919e-01,1.61016708e-01,1.11175578e-01,8.03839530e-02,5.62936631e-02,3.74266495e-02,2.32947497e-02,1.34477756e-02,7.03205336e-03,3.21908844e-03,1.24425412e-03,3.89865106e-04,9.22222500e-05,1.48209823e-05,1.19504907e-06,9.65310050e-09,6.44087858e-12,0.0,0.0,0.0
-122.00000,37.60000,2.48802623e-01,1.69221173e-01,1.17576618e-01,8.60782276e-02,6.15059925e-02,4.20777619e-02,2.74472996e-02,1.73186912e-02,1.05944465e-02,6.11689727e-03,3.17305007e-03,1.40082331e-03,4.99509903e-04,1.35728924e-04,2.50309269e-05,2.03768980e-06,6.87232754e-08,0.0,0.0,0.0
-121.80000,37.60000,2.56969990e-01,1.74286880e-01,1.20353532e-01,8.77527304e-02,6.26759709e-02,4.27134702e-02,2.69850831e-02,1.54394151e-02,7.78119771e-03,3.34600188e-03,1.18360757e-03,3.29883762e-04,6.71469287e-05,8.07171198e-06,3.51882875e-07,1.33643120e-09,0.0,0.0,0.0,0.0
-121.60000,37.60000,2.62391876e-01,1.76202306e-01,1.19147318e-01,8.40057629e-02,5.68441047e-02,3.58448029e-02,2.05855412e-02,1.07745786e-02,5.22608639e-03,2.40973207e-03,1.06359017e-03,4.33766792e-04,1.51757089e-04,4.18651144e-05,7.90653880e-06,5.47061793e-07,9.40385398e-09,0.0,0.0,0.0
-121.40000,37.60000,2.84993255e-01,1.86176046e-01,1.21398492e-01,8.17232336e-02,5.18266700e-02,3.01140556e-02,1.57647632e-02,7.47891469e-03,3.24658580e-03,1.29672348e-03,4.72413431e-04,1.52070567e-04,4.07251581e-05,8.13155131e-06,9.60176974e-07,2.60523235e-08,0.0,0.0,0.0,0.0
-121.20000,37.60000,2.84634024e-01,1.81778841e-01,1.14607456e-01,7.41244247e-02,4.47631244e-02,2.46136453e-02,1.21019760e-02,5.28842122e-03,2.01869109e-03,6.52688125e-04,1.70950401e-04,3.41408908e-05,4.15558383e-06,2.81231948e-07,2.51513270e-08,1.30764150e-09,3.67989975e-12,0.0,0.0,0.0
-121.00000,37.60000,2.82339207e-01,1.76152439e-01,1.07569977e-01,6.70712493e-02,3.87043158e-02,2.01276053e-02,9.20764162e-03,3.65192619e-03,1.22422746e-03,3.34692804e-04,7.05226307e-05,1.09545242e-05,1.17828785e-06,1.16817783e-07,1.37590649e-08,7.19647990e-10,2.02515752e-12,0.0,0.0,0.0
-123.00000,37.80000,1.72235563e-01,1.14488737e-01,7.60727939e-02,5.17232341e-02,3.32539833e-02,2.00500833e-02,1.13559262e-02,6.04439771e-03,2.93539271e-03,1.23442569e-03,4.24660786e-04,1.11305231e-04,1.91309647e-05,1.35821111e-06,1.40247520e-08,4.03581880e-10,1.13574076e-12,0.0,0.0,0.0
-122.80000,37.80000,1.86227561e-01,1.24650026e-01,8.42985379e-02,5.87635859e-02,3.90511706e-02,2.45835565e-02,1.48627048e-02,8.82002325e-03,5.05850586e-03,2.65216788e-03,1.18864434e-03,4.29414695e-04,1.17136454e-04,2.07578398e-05,1.67425992e-06,1.05615712e-08,2.04663365e-12,0.0,0.0,0.0
-122.60000,37.80000,2.02815012e-01,1.36807575e-01,9.39059924e-02,6.69969493e-02,4.59907167e-02,3.00811113e-02,1.90979885e-02,1.24596070e-02,8.73191078e-03,6.39680742e-03,4.48047243e-03,2.74794037e-03,1.38796859e-03,5.51106320e-04,1.65854875e-04,3.37297661e-05,3.42301892e-06,3.96889550e-08,0.0,0.0
-122.40000,37.80000,2.15664858e-01,1.46472047e-01,1.01986425e-01,7.45730177e-02,5.32379505e-02,3.64820277e-02,2.36511349e-02,1.43647049e-02,8.01501514e-03,3.98288035e-03,1.69476304e-03,5.90323478e-04,1.59323386e-04,2.94479357e-05,2.71010890e-06,4.26468329e-08,4.73827612e-12,0.0,0.0,0.0
-122.20000,37.80000,2.27038154e-01,1.54582788e-01,1.08200452e-01,8.01033658e-02,5.86657434e-02,4.20837619e-02,2.93639783e-02,1.98377731e-02,1.27529473e-02,7.53861594e-03,3.90998138e-03,1.69731788e-03,5.91109121e-04,1.55235095e-04,2.69279836e-05,2.07449192e-06,5.07373967e-08,0.0,0.0,0.0
-122.00000,37.80000,2.34981667e-01,1.59920725e-01,1.11879845e-01,8.26854405e-02,6.01462638e-02,4.23423836e-02,2.82893339e-02,1.75781734e-02,9.92783971e-03,5.01809615e-03,2.24568722e-03,8.70783219e-04,2.81265289e-04,7.28968348e-05,1.32628574e-05,9.06569407e-07,1.45771318e-08,0.0,0.0,0.0
-121.80000,37.80000,2.43891541e-01,1.64695602e-01,1.13463221e-01,8.19140922e-02,5.71911630e-02,3.76346843e-02,2.28391979e-02,1.26709068e-02,6.39150407e-03,2.92401637e-03,1.19914319e-03,4.28238551e-04,1.27142413e-04,2.92224385e-05,3.83756928e-06,1.30089695e-07,0.0,0.0,0.0,0.0
-121.60000,37.80000,2.46825316e-01,1.64466611e-01,1.10715158e-01,7.72281495e-02,5.10856095e-02,3.10653828e-02,1.69081802e-02,8.10607785e-03,3.34053467e-03,1.14343404e-03,3.10666677e-04,6.23144509e-05,7.69022948e-06,4.83330905e-07,3.76464482e-08,1.98745011e-09,5.59298626e-12,0.0,0.0,0.0
-121.40000,37.80000,2.49158576e-01,1.62592518e-01,1.05800874e-01,7.06067305e-02,4.39534045e-02,2.47102202e-02,1.22169674e-02,5.24296066e-03,1.91072394e-03,5.72429015e-04,1.34689193e-04,2.33720042e-05,2.56697186e-06,2.34424246e-07,2.69436368e-08,1.41052801e-09,3.96943776e-12,0.0,0.0,0.0
-121.20000,37.80000,2.49230502e-01,1.58972323e-01,9.98853375e-02,6.38149809e-02,3.75375802e-02,1.96889227e-02,8.96661206e-03,3.50390616e-03,1.15136334e-03,3.09414524e-04,6.55631765e-05,1.09709046e-05,1.38532419e-06,1.37998219e-07,1.62828051e-08,8.51991400e-10,2.39761442e-12,0.0,0.0,0.0
-121.00000,37.80000,2.48124280e-01,1.54660963e-01,9.39980891e-02,5.77218186e-02,3.23252899e-02,1.60303196e-02,6.88010999e-03,2.54005270e-03,7.95082347e-04,2.06579795e-04,4.36740950e-05,7.59687090e-06,8.90558288e-07,7.18516026e-08,8.44737299e-09,4.41707602e-10,1.24285295e-12,0.0,0.0,0.0
-123.00000,38.00000,1.69510105e-01,1.14064951e-01,7.71265503e-02,5.35219170e-02,3.52600075e-02,2.18569447e-02,1.28609122e-02,7.35182492e-03,4.08381710e-03,2.12003593e-03,9.65631463e-04,3.62248943e-04,1.05443272e-04,2.08756742e-05,2.22058346e-06,6.33216830e-08,7.28960927e-10,0.0,0.0,0.0
-122.80000,38.00000,1.83292603e-01,1.24051623e-01,8.52425292e-02,6.06681642e-02,4.14060956e-02,2.67670484e-02,1.65041029e-02,1.00779267e-02,6.37276038e-03,4.21289792e-03,2.73929516e-03,1.59598638e-03,7.71374933e-04,2.91822245e-04,8.21954855e-05,1.46545595e-05,1.15615025e-06,1.54433450e-09,0.0,0.0
-122.60000,38.00000,1.95180205e-01,1.32733392e-01,9.26218636e-02,6.77144128e-02,4.82035421e-02,3.29108101e-02,2.13308134e-02,1.30443350e-02,7.40513313e-03,3.81393602e-03,1.72833420e-03,6.59675860e-04,2.01025458e-04,4.55953601e-05,5.84836745e-06,1.84948095e-07,3.23836212e-12,0.0,0.0,0.0
-122.40000,38.00000,2.06847120e-01,1.40945377e-01,9.91332300e-02,7.37595875e-02,5.41542920e-02,3.87144692e-02,2.67660874e-02,1.78185972e-02,1.11299515e-02,6.22816347e-03,2.97254386e-03,1.16203105e-03,3.55710573e-04,7.81966038e-05,1.06313573e-05,6.94037513e-07,2.07562687e-10,0.0,0.0,0.0
-122.20000,38.00000,2.15103466e-01,1.46522325e-01,1.03361358e-01,7.74805098e-02,5.74599222e-02,4.09832964e-02,2.70070866e-02,1.57817966e-02,7.84032610e-03,3.18227104e-03,1.01251749e-03,2.35712343e-04,3.38784601e-05,2.19463522e-06,5.70344026e-08,1.84025782e-09,5.17876516e-12,0.0,0.0,0.0
-122.00000,38.00000,2.21981535e-01,1.50193866e-01,1.04915323e-01,7.75171641e-02,5.60871859e-02,3.86152514e-02,2.45449169e-02,1.41203889e-02,7.21526397e-03,3.19862373e-03,1.19078642e-03,3.56967013e-04,8.16747132e-05,1.16837758e-05,4.24473401e-07,1.65523919e-09,0.0,0.0,0.0,0.0
-121.80000,38.00000,2.28053476e-01,1.52829886e-01,1.04789284e-01,7.51104825e-02,5.16425969e-02,3.28840838e-02,1.87020432e-02,9.25726363e-03,3.88302621e-03,1.34104665e-03,3.68206029e-04,7.61631888e-05,1.15642790e-05,1.23099406e-06,5.86586253e-08,1.75375688e-09,4.93533832e-12,0.0,0.0,0.0
-121.60000,38.00000,2.31458363e-01,1.52429600e-01,1.01662911e-01,7.00567209e-02,4.53125764e-02,2.64231220e-02,1.33794590e-02,5.75241191e-03,2.04700828e-03,5.81649339e-04,1.25003310e-04,1.92869810e-05,2.26516258e-06,2.19222824e-07,2.59653463e-08,1.35959202e-09,3.82609581e-12,0.0,0.0,0.0
-121.40000,38.00000,2.35508879e-01,1.51997389e-01,9.78823244e-02,6.44212208e-02,3.91729547e-02,2.11813015e-02,9.86228954e-03,3.89820824e-03,1.28159780e-03,3.40754224e-04,7.10257957e-05,1.17973812e-05,1.55397888e-06,1.44718934e-07,1.70980308e-08,8.94908127e-10,2.51838813e-12,0.0,0.0,0.0
-121.20000,38.00000,2.35593401e-01,1.49012184e-01,9.29402999e-02,5.87105698e-02,3.38520317e-02,1.72104079e-02,7.51426739e-03,2.79660192e-03,8.73980402e-04,2.25203259e-04,4.74737512e-05,8.32220500e-06,1.06885725e-06,8.13321538e-08,9.57576682e-09,5.00891166e-10,1.40945983e-12,0.0,0.0,0.0
-121.00000,38.00000,2.36095831e-01,1.46297926e-01,8.84301383e-02,5.37936923e-02,2.96165568e-02,1.43069937e-02,5.93398068e-03,2.10879437e-03,6.36671434e-04,1.61827024e-04,3.47847331e-05,6.29266599e-06,7.44510304e-07,3.94314794e-08,4.61325699e-09,2.41085162e-10,6.77708386e-13,0.0,0.0,0.0
-123.00000,38.20000,1.57898698e-01,1.07785174e-01,7.37099584e-02,5.14110735e-02,3.37608922e-02,2.04983777e-02,1.14699821e-02,6.09658098e-03,3.26028181e-03,1.83603670e-03,1.04689667e-03,5.44093808e-04,2.34454550e-04,7.78122469e-05,1.83836824e-05,2.21741714e-06,3.70721074e-08,0.0,0.0,0.0
-122.80000,38.20000,1.78672976e-01,1.22179921e-01,8.49710716e-02,6.13056365e-02,4.25430760e-02,2.79603720e-02,1.73390453e-02,1.02822709e-02,5.90064318e-03,3.25573931e-03,1.65418754e-03,7.24320834e-04,2.56811753e-04,6.82963427e-05,1.13387399e-05,7.66980054e-07,7.27649817e-10,0.0,0.0,0.0
-122.60000,38.20000,1.89687733e-01,1.30035323e-01,9.14593219e-02,6.74371233e-02,4.84484676e-02,3.33460971e-02,2.18060780e-02,1.35373434e-02,7.83291810e-03,4.05465730e-03,1.78079834e-03,6.30658923e-04,1.70093941e-04,2.98284087e-05,2.36874317e-06,1.45398083e-08,2.23616040e-12,0.0,0.0,0.0
-122.40000,38.20000,1.97877798e-01,1.35473148e-01,9.59036612e-02,7.18181441e-02,5.28813856e-02,3.73326657e-02,2.45933088e-02,1.47699107e-02,7.84270112e-03,3.54820601e-03,1.31461418e-03,3.81693163e-04,7.98739494e-05,9.55100521e-06,5.51864204e-07,9.35652176e-10,2.63306747e-12,0.0,0.0,0.0
-122.20000,38.20000,2.04282287e-01,1.39125275e-01,9.82508847e-02,7.34922620e-02,5.39050364e-02,3.75672416e-02,2.40562746e-02,1.38121994e-02,6.92609089e-03,2.93686152e-03,1.01298107e-03,2.70161408e-04,5.08902355e-05,4.45735425e-06,5.22259250e-08,1.90595724e-10,0.0,0.0,0.0,0.0
-122.00000,38.20000,2.13148119e-01,1.43796675e-01,9.98430620e-02,7.28989027e-02,5.15057096e-02,3.39948072e-02,2.02246252e-02,1.05788002e-02,4.72976774e-03,1.74425223e-03,5.08747114e-04,1.09998033e-04,1.46315892e-05,8.35234020e-07,3.33426749e-08,1.42296745e-09,4.00444614e-12,0.0,0.0,0.0
-121.80000,38.20000,2.14956810e-01,1.42919152e-01,9.72170058e-02,6.87910525e-02,4.61033157e-02,2.80454362e-02,1.48685792e-02,6.70264793e-03,2.50308513e-03,7.46799760e-04,1.68870973e-04,2.65963435e-05,2.78429282e-06,1.97959518e-07,2.27126273e-08,1.18939873e-09,3.34714513e-12,0.0,0.0,0.0
-121.60000,38.20000,2.20347536e-01,1.43971948e-01,9.48571938e-02,6.41874102e-02,4.03633908e-02,2.26162061e-02,1.08858695e-02,4.42211398e-03,1.48276294e-03,3.97473965e-04,8.18490043e-05,1.29790488e-05,1.67725417e-06,1.37965652e-07,1.63161021e-08,8.54188777e-10,2.40379044e-12,0.0,0.0,0.0
-121.40000,38.20000,2.22433100e-01,1.42676155e-01,9.10850458e-02,5.91047658e-02,3.51546039e-02,1.84490866e-02,8.29214720e-03,3.15994848e-03,1.00357630e-03,2.60329364e-04,5.43995496e-05,9.31850711e-06,1.23558422e-06,8.43400515e-08,9.94443492e-09,5.20347814e-10,1.46419907e-12,0.0,0.0,0.0
-121.20000,38.20000,2.23290531e-01,1.40488337e-01,8.70039247e-02,5.43609125e-02,3.08289729e-02,1.53354168e-02,6.52982255e-03,2.36932679e-03,7.24605294e-04,1.84933513e-04,3.97168272e-05,7.12594684e-06,9.07308936e-07,4.38419684e-08,5.14440713e-09,2.68947479e-10,7.56178548e-13,0.0,0.0,0.0
-121.00000,38.20000,2.26669444e-01,1.39953175e-01,8.40813709e-02,5.06956507e-02,2.75553013e-02,1.30935816e-02,5.33065065e-03,1.86023791e-03,5.54793780e-04,1.41441701e-04,3.14319462e-05,5.89784890e-06,7.14680923e-07,2.28591733e-08,2.50934842e-09,1.22032033e-10,3.40456230e-13,0.0,0.0,0.0
-123.00000,38.40000,1.53965096e-01,1.07606346e-01,7.45490752e-02,5.25850126e-02,3.51584641e-02,2.19809874e-02,1.27823131e-02,6.99286404e-03,3.66815976e-03,1.87518726e-03,9.16117750e-04,4.00814687e-04,1.45662305e-04,4.06784413e-05,7.48718156e-06,6.13719948e-07,1.20962711e-10,0.0,0.0,0.0
-122.80000,38.40000,1.65968584e-01,1.14967002e-01,8.04326616e-02,5.79694581e-02,4.00351133e-02,2.62191543e-02,1.62951418e-02,9.61165343e-03,5.21158286e-03,2.45515853e-03,9.48442771e-04,2.84503972e-04,5.91659329e-05,5.90693363e-06,1.41117766e-07,1.23072608e-09,3.46345029e-12,0.0,0.0,0.0
-122.60000,38.40000,1.74412946e-01,1.20643059e-01,8.51918815e-02,6.26111251e-02,4.44416102e-02,2.98951655e-02,1.89633514e-02,1.14976468e-02,6.67360385e-03,3.59883633e-03,1.70782894e-03,6.73097408e-04,2.07899197e-04,4.59052575e-05,5.30152657e-06,2.08953773e-07,2.63392245e-12,0.0,0.0,0.0
-122.40000,38.40000,1.90489646e-01,1.30720610e-01,9.24104882e-02,6.89387869e-02,5.03597382e-02,3.48999743e-02,2.20639283e-02,1.22961114e-02,5.85068884e-03,2.31443447e-03,7.41583222e-04,1.84201232e-04,3.38718391e-05,4.63763186e-06,2.46448657e-07,1.90521311e-10,0.0,0.0,0.0,0.0
-122.20000,38.40000,1.96139463e-01,1.33472600e-01,9.36309511e-02,6.93828782e-02,5.05099201e-02,3.53890955e-02,2.34506659e-02,1.45741095e-02,8.36236069e-03,4.29505438e-03,1.88794066e-03,6.77382034e-04,1.88447799e-04,3.56397503e-05,2.93268986e-06,1.59672013e-08,2.41540168e-12,0.0,0.0,0.0
-122.00000,38.40000,2.02053367e-01,1.35822884e-01,9.36472161e-02,6.77156646e-02,4.73527395e-02,3.10468219e-02,1.84535999e-02,9.68985595e-03,4.38256886e-03,1.67283828e-03,5.31077614e-04,1.37413286e-04,2.94597495e-05,5.38002548e-06,6.24568607e-07,9.46088704e-09,0.0,0.0,0.0,0.0
-121.80000,38.40000,2.06939699e-01,1.37041529e-01,9.21430850e-02,6.41431162e-02,4.21226432e-02,2.50549524e-02,1.29653370e-02,5.68618543e-03,2.05347850e-03,5.87632563e-04,1.25008047e-04,1.81105164e-05,1.88175766e-06,1.28155133e-07,1.51737670e-08,7.94404735e-10,2.23554314e-12,0.0,0.0,0.0
-121.60000,38.40000,2.08694745e-01,1.35591705e-01,8.84711623e-02,5.90692658e-02,3.64840535e-02,2.00111232e-02,9.41130930e-03,3.73428258e-03,1.22450479e-03,3.22370789e-04,6.61365195e-05,1.08608040e-05,1.41117528e-06,8.39519022e-08,9.90916414e-09,5.18611380e-10,1.45927294e-12,0.0,0.0,0.0
-121.40000,38.40000,2.12265157e-01,1.35533939e-01,8.56780899e-02,5.48508190e-02,3.20597531e-02,1.64931431e-02,7.26266777e-03,2.71488548e-03,8.49661883e-04,2.19251360e-04,4.67176673e-05,8.29238021e-06,1.09114201e-06,4.72453751e-08,5.55726736e-09,2.90635181e-10,8.17109887e-13,0.0,0.0,0.0
-121.20000,38.40000,2.13025370e-01,1.33880676e-01,8.24164680e-02,5.09909940e-02,2.85330380e-02,1.39760397e-02,5.85962013e-03,2.09798220e-03,6.37941841e-04,1.64141437e-04,3.64549488e-05,6.74602072e-06,8.68550230e-07,2.36027371e-08,2.70544122e-09,1.41047314e-10,3.93834875e-13,0.0,0.0,0.0
-121.00000,38.40000,2.19082435e-01,1.36191422e-01,8.18253072e-02,4.90434895e-02,2.63856568e-02,1.23800076e-02,4.97652676e-03,1.72068733e-03,5.14339151e-04,1.34553876e-04,3.17498878e-05,6.47755856e-06,9.49465777e-07,7.38968594e-08,1.37667841e-08,1.51601842e-09,6.61863086e-11,0.0,0.0,0.0
-123.00000,38.60000,1.51609432e-01,1.06507721e-01,7.41649626e-02,5.28170949e-02,3.60412196e-02,2.33967874e-02,1.43605233e-02,8.22117710e-03,4.22964434e-03,1.86208961e-03,6.68769708e-04,1.85165277e-04,3.47322384e-05,3.16573237e-06,7.99187386e-08,1.34698253e-09,3.79061359e-12,0.0,0.0,0.0
-122.80000,38.60000,1.60975858e-01,1.13462403e-01,7.97440545e-02,5.76165048e-02,4.01677412e-02,2.70011786e-02,1.78151666e-02,1.18542753e-02,7.89536602e-03,4.98540458e-03,2.77082205e-03,1.27111830e-03,4.57443298e-04,1.21431584e-04,2.00939106e-05,1.36025142e-06,2.28889385e-10,0.0,0.0,0.0
-122.60000,38.60000,1.66849036e-01,1.17286561e-01,8.30055475e-02,6.08285232e-02,4.31176533e-02,2.90179648e-02,1.81978759e-02,1.04817958e-02,5.42924631e-03,2.46462146e-03,9.54185123e-04,3.04038109e-04,7.51135219e-05,1.33104835e-05,1.27864669e-06,2.21403952e-09,3.11828410e-12,0.0,0.0,0.0
-122.40000,38.60000,1.74255006e-01,1.20073490e-01,8.44741462e-02,6.21063183e-02,4.43656413e-02,3.00476626e-02,1.87821804e-02,1.06083855e-02,5.27799756e-03,2.24041206e-03,7.80684407e-04,2.13252811e-04,4.18157973e-05,4.25121702e-06,2.08382418e-07,9.88405473e-10,2.78152307e-12,0.0,0.0,0.0
-122.20000,38.60000,1.79263757e-01,1.21888028e-01,8.46255415e-02,6.14304362e-02,4.32852660e-02,2.90032361e-02,1.81635630e-02,1.05483486e-02,5.59400056e-03,2.62825144e-03,1.04859729e-03,3.39578541e-04,8.38489748e-05,1.30302534e-05,8.60911693e-07,2.67768065e-09,2.20577278e-12,0.0,0.0,0.0
-122.00000,38.60000,1.86469474e-01,1.24910816e-01,8.47578175e-02,5.97257465e-02,4.02904247e-02,2.53149760e-02,1.44187351e-02,7.31360071e-03,3.22942544e-03,1.20405663e-03,3.64821070e-04,8.54689999e-05,1.35814147e-05,1.07566764e-06,3.01871716e-08,8.45982688e-10,2.38068572e-12,0.0,0.0,0.0
-121.80000,38.60000,1.89140750e-01,1.24720198e-01,8.26293779e-02,5.61701800e-02,3.56914433e-02,2.04178292e-02,1.01400849e-02,4.27643464e-03,1.49446946e-03,4.18833250e-04,8.99000036e-05,1.43555927e-05,1.74205248e-06,8.97446823e-08,1.05920038e-08,5.54319249e-10,1.55972437e-12,0.0,0.0,0.0
-121.60000,38.60000,1.98491463e-01,1.28645220e-01,8.30578015e-02,5.45924225e-02,3.30638940e-02,1.77696602e-02,8.20682374e-03,3.21236982e-03,1.04733257e-03,2.77698699e-04,5.90500318e-05,1.03299778e-05,1.32377879e-06,5.29067136e-08,6.22910820e-09,3.25817340e-10,9.15894529e-13,0.0,0.0,0.0
-121.40000,38.60000,2.03794473e-01,1.30228873e-01,8.16297818e-02,5.15287865e-02,2.95885276e-02,1.49477506e-02,6.47964939e-03,2.39722141e-03,7.50317253e-04,1.96843664e-04,4.38839968e-05,8.24183485e-06,1.07290044e-06,2.78127247e-08,3.24993042e-09,1.69637350e-10,4.73519915e-13,0.0,0.0,0.0
-121.20000,38.60000,1.97737207e-01,1.24945652e-01,7.63951085e-02,4.63836641e-02,2.51640610e-02,1.18212019e-02,4.71890634e-03,1.61391655e-03,4.80782299e-04,1.28418574e-04,3.24299539e-05,6.95698810e-06,9.48447279e-07,2.42714029e-08,3.17705822e-09,2.32056796e-10,5.73485927e-12,0.0,0.0,0.0
-121.00000,38.60000,2.00278805e-01,1.25222434e-01,7.51283339e-02,4.45462910e-02,2.34615255e-02,1.06621119e-02,4.12018553e-03,1.37625116e-03,4.09751918e-04,1.14407270e-04,3.13437627e-05,7.40755415e-06,1.27944539e-06,1.48790428e-07,2.96239042e-08,3.33932866e-09,1.57135123e-10,0.0,0.0,0.0
-123.00000,38.80000,1.53134890e-01,1.06553183e-01,7.35268332e-02,5.22179938e-02,3.57575508e-02,2.34092898e-02,1.46226677e-02,8.80352279e-03,5.12103242e-03,2.82179807e-03,1.40736822e-03,6.00189893e-04,2.06542415e-04,5.31882888e-05,8.91174224e-06,6.63143869e-07,3.03424752e-12,0.0,0.0,0.0
-122.80000,38.80000,1.58306000e-01,1.10977660e-01,7.75033203e-02,5.58733937e-02,3.90292644e-02,2.61020658e-02,1.64471622e-02,9.60569035e-03,5.07961966e-03,2.36797250e-03,9.43189368e-04,3.08422734e-04,7.83299753e-05,1.36968558e-05,1.27695005e-06,7.08519442e-10,0.0,0.0,0.0,0.0
-122.60000,38.80000,1.63251423e-01,1.14077060e-01,7.97595565e-02,5.77646406e-02,4.06400249e-02,2.73745368e-02,1.72467999e-02,9.84695133e-03,4.87261037e-03,1.99422844e-03,6.45021519e-04,1.53988608e-04,2.20999846e-05,1.04852894e-06,9.26447914e-09,2.19634080e-10,0.0,0.0,0.0,0.0
-122.40000,38.80000,1.66704310e-01,1.15437317e-01,8.02370699e-02,5.77503840e-02,4.01967686e-02,2.67625588e-02,1.70527236e-02,1.05863727e-02,6.46848872e-03,3.81323514e-03,2.05288507e-03,9.43192162e-04,3.48186406e-04,9.71474948e-05,1.79506870e-05,1.27801880e-06,8.18600305e-09,0.0,0.0,0.0
-122.20000,38.80000,1.69169868e-01,1.15537585e-01,7.92639362e-02,5.61737390e-02,3.80984389e-02,2.41666820e-02,1.40095728e-02,7.30136638e-03,3.35563377e-03,1.33998563e-03,4.63021533e-04,1.37918931e-04,3.54559600e-05,7.91104722e-06,1.39956619e-06,9.28626080e-08,2.21664844e-10,0.0,0.0,0.0
-122.00000,38.80000,1.75427147e-01,1.17970639e-01,7.90316759e-02,5.42733511e-02,3.51214960e-02,2.07983462e-02,1.09611989e-02,5.06550898e-03,2.01932580e-03,6.80551140e-04,1.88298170e-04,4.13286763e-05,6.49523482e-06,4.52755130e-07,2.05160355e-08,6.64806822e-10,1.87067195e-12,0.0,0.0,0.0
-121.80000,38.80000,1.77729506e-01,1.17737927e-01,7.70530142e-02,5.11289128e-02,3.13517167e-02,1.71696238e-02,8.14866908e-03,3.30837624e-03,1.13222460e-03,3.20258400e-04,7.39187508e-05,1.39515951e-05,1.78862985e-06,6.46285032e-08,7.58991016e-09,3.97008270e-10,1.11622387e-12,0.0,0.0,0.0
-121.60000,38.80000,1.82839816e-01,1.19688690e-01,7.63328815e-02,4.87346029e-02,2.82723318e-02,1.44286721e-02,6.32069871e-03,2.37031589e-03,7.59418601e-04,2.07690408e-04,4.97271187e-05,1.03499656e-05,1.38564057e-06,3.58663187e-08,4.19726960e-09,2.19190578e-10,6.12500754e-13,0.0,0.0,0.0
-121.40000,38.80000,1.84000980e-01,1.18757021e-01,7.39698718e-02,4.57607675e-02,2.54390315e-02,1.23320932e-02,5.11529090e-03,1.82768471e-03,5.69172476e-04,1.57173517e-04,3.99814954e-05,8.68741801e-06,1.14275066e-06,2.02800069e-08,2.29267254e-09,1.16337945e-10,3.12152573e-13,0.0,0.0,0.0
-121.20000,38.80000,1.89937129e-01,1.21568303e-01,7.41969572e-02,4.46497534e-02,2.39423619e-02,1.11311907e-02,4.42482120e-03,1.52733144e-03,4.69506625e-04,1.33085428e-04,3.59980582e-05,8.17062446e-06,1.21365106e-06,7.43300845e-08,1.41195267e-08,1.57851017e-09,6.97411553e-11,0.0,0.0,0.0
-121.00000,38.80000,1.91624553e-01,1.21363954e-01,7.28631599e-02,4.30396990e-02,2.25809983e-02,1.02575199e-02,3.99179535e-03,1.36041143e-03,4.19923191e-04,1.23063059e-04,3.48773652e-05,8.33647868e-06,1.44957799e-06,1.68704373e-07,3.35693351e-08,3.82181588e-09,1.77284946e-10,0.0,0.0,0.0
-123.00000,39.00000,1.58445485e-01,1.10125044e-01,7.62243561e-02,5.43834410e-02,3.76244430e-02,2.50971877e-02,1.60418753e-02,9.77105326e-03,5.56379581e-03,2.86792919e-03,1.28592073e-03,4.79237593e-04,1.40902811e-04,2.94930961e-05,3.44894480e-06,7.18995221e-08,2.92952958e-12,0.0,0.0,0.0
-122.80000,39.00000,1.65797691e-01,1.14797945e-01,7.91458780e-02,5.65457012e-02,3.92812027e-02,2.61390055e-02,1.62413211e-02,9.13907752e-03,4.47731007e-03,1.83150971e-03,5.99905033e-04,1.48140968e-04,2.39515275e-05,1.44464649e-06,1.69949209e-08,2.08651153e-10,0.0,0.0,0.0,0.0
-122.60000,39.00000,1.59529825e-01,1.09410035e-01,7.49316378e-02,5.31960826e-02,3.66402517e-02,2.42501308e-02,1.52844157e-02,9.12703145e-03,5.10363833e-03,2.62900963e-03,1.21950347e-03,4.92060480e-04,1.64957177e-04,4.30807508e-05,8.08763200e-06,7.36744348e-07,1.07034482e-09,0.0,0.0,0.0
-122.40000,39.00000,1.60070529e-01,1.09020931e-01,7.41988519e-02,5.21907813e-02,3.53644487e-02,2.28615956e-02,1.40156276e-02,8.08784747e-03,4.26674322e-03,1.97191289e-03,7.66660222e-04,2.41809012e-04,5.81245979e-05,9.54705774e-06,1.23930815e-06,7.98369119e-08,8.60095421e-11,0.0,0.0,0.0
-122.20000,39.00000,1.63141823e-01,1.09786298e-01,7.35586014e-02,5.06273904e-02,3.30344549e-02,1.99883395e-02,1.10190085e-02,5.51542415e-03,2.50027729e-03,1.02462966e-03,3.77253072e-04,1.22414699e-04,3.34985752e-05,7.10820471e-06,1.11355346e-06,6.18552537e-08,2.23535672e-12,0.0,0.0,0.0
-122.00000,39.00000,1.71436024e-01,1.13957964e-01,7.44635850e-02,4.94495918e-02,3.05954384e-02,1.71562391e-02,8.50974896e-03,3.69583708e-03,1.38366632e-03,4.36268361e-04,1.13269482e-04,2.30736187e-05,3.01418303e-06,8.69676264e-08,9.58260564e-09,5.01343950e-10,1.41007619e-12,0.0,0.0,0.0
-121.80000,39.00000,1.75028806e-01,1.14970276e-01,7.35328922e-02,4.72958266e-02,2.78861946e-02,1.46391429e-02,6.68778285e-03,2.65026675e-03,9.07023058e-04,2.66556853e-04,6.75465631e-05,1.45141338e-05,2.00667984e-06,4.93605241e-08,5.72533633e-09,2.99215266e-10,8.38291109e-13,0.0,0.0,0.0
-121.60000,39.00000,1.77240537e-01,1.15168931e-01,7.22344451e-02,4.51452014e-02,2.55277648e-02,1.26998176e-02,5.46081561e-03,2.04367500e-03,6.72171653e-04,1.96266446e-04,5.18316651e-05,1.16979680e-05,1.56260663e-06,2.97067210e-08,3.42381652e-09,1.77958717e-10,4.86166380e-13,0.0,0.0,0.0
-121.40000,39.00000,1.80349862e-01,1.16133658e-01,7.15051412e-02,4.35427151e-02,2.37606024e-02,1.13234375e-02,4.65385279e-03,1.67636784e-03,5.41095547e-04,1.59959516e-04,4.39944482e-05,1.00427278e-05,1.34657837e-06,2.87784086e-08,3.74656240e-09,2.77323317e-10,6.94925256e-12,0.0,0.0,0.0
-121.20000,39.00000,1.86158368e-01,1.18983586e-01,7.20076690e-02,4.29010637e-02,2.27803156e-02,1.05276897e-02,4.19839602e-03,1.47915367e-03,4.75188959e-04,1.44044288e-04,4.15058234e-05,9.96102573e-06,1.60920555e-06,1.54349558e-07,3.02810421e-08,3.41559959e-09,1.61267515e-10,0.0,0.0,0.0
-121.00000,39.00000,1.88826637e-01,1.20205332e-01,7.21324850e-02,4.25320090e-02,2.23079590e-02,1.01798008e-02,4.01654497e-03,1.40694343e-03,4.52259983e-04,1.38205433e-04,3.98563350e-05,9.49305301e-06,1.61045383e-06,1.77604564e-07,3.42181168e-08,3.84299472e-09,1.80110669e-10,0.0,0.0,0.0
